productname,url,sheetname
Abrasives,/product/Abrasives?fsi=1&categoryId=600948,Abrasives
"Adhesives, Sealants, and Tape","/product/Adhesives, Sealants, and Tape?fsi=1&categoryId=613850","Adhesives, Sealants, and Tape"
Cutting Tools and Metalworking,/product/Cutting Tools and Metalworking?fsi=1&categoryId=601071,Cutting Tools and Metalworking
Electrical,/product/Electrical?fsi=1&categoryId=601280,Electrical
Electronics and Batteries,/product/Electronics and Batteries?fsi=1&categoryId=613851,Electronics and Batteries
Fasteners,/product/Fasteners?fsi=1&categoryId=600000,Fasteners
Fleet and Automotive,/product/Fleet and Automotive?fsi=1&categoryId=609389,Fleet and Automotive
HVAC and Refrigeration,/product/HVAC and Refrigeration?fsi=1&categoryId=600583,HVAC and Refrigeration
Hardware,/product/Hardware?fsi=1&categoryId=600206,Hardware
Hydraulics,/product/Hydraulics?fsi=1&categoryId=603388,Hydraulics
Janitorial and Cleaning,/product/Janitorial and Cleaning?fsi=1&categoryId=601490,Janitorial and Cleaning
Lighting,/product/Lighting?fsi=1&categoryId=601281,Lighting
"Lubricants, Coolants, and Fluids","/product/Lubricants, Coolants, and Fluids?fsi=1&categoryId=613918","Lubricants, Coolants, and Flui"
Machinery,/product/Machinery?fsi=1&categoryId=613852,Machinery
"Material Handling, Lifting and Rigging","/product/Material Handling, Lifting and Rigging?fsi=1&categoryId=601813","Material Handling, Lifting and"
Motors,/product/Motors?fsi=1&categoryId=613961,Motors
Office and Breakroom Supplies,/product/Office and Breakroom Supplies?fsi=1&categoryId=609525,Office and Breakroom Supplies
Outdoor Products and Equipment,/product/Outdoor Products and Equipment?fsi=1&categoryId=613853,Outdoor Products and Equipment
Packaging and Shipping Products,/product/Packaging and Shipping Products?fsi=1&categoryId=613854,Packaging and Shipping Products
Paint and Painting Supplies,/product/Paint and Painting Supplies?fsi=1&categoryId=613960,Paint and Painting Supplies
Plumbing,/product/Plumbing?fsi=1&categoryId=610686,Plumbing
Pneumatics,/product/Pneumatics?fsi=1&categoryId=613855,Pneumatics
Power Transmission,/product/Power Transmission?fsi=1&categoryId=603582,Power Transmission
Pumps,/product/Pumps?fsi=1&categoryId=613856,Pumps
Raw Materials,/product/Raw Materials?fsi=1&categoryId=600930,Raw Materials
Safety,/product/Safety?fsi=1&categoryId=600616,Safety
Sealing,/product/Sealing?fsi=1&categoryId=614153,Sealing
Security,/product/Security?fsi=1&categoryId=613857,Security
Test and Measurement,/product/Test and Measurement?fsi=1&categoryId=613858,Test and Measurement
Tools and Equipment,/product/Tools and Equipment?fsi=1&categoryId=600241,Tools and Equipment
Welding,/product/Welding?fsi=1&categoryId=600974,Welding
