Video_URL,Views,Uploaded_Data
https://www.youtube.com/watch?v=pUtWQDYqoQA,72 views,1 day ago
https://www.youtube.com/watch?v=d9OFuykxK84,60 views,3 days ago
https://www.youtube.com/watch?v=gpsec1FQdXg,80 views,11 days ago
https://www.youtube.com/watch?v=LccQYO8JXk8,65 views,2 weeks ago
https://www.youtube.com/watch?v=WwuolBtGAyQ,48 views,2 weeks ago
https://www.youtube.com/watch?v=FQ7WbNRUwpQ,71 views,3 weeks ago
https://www.youtube.com/watch?v=YRXf_GEwkTQ,75 views,3 weeks ago
https://www.youtube.com/watch?v=yCGthY0Au4E,80 views,4 weeks ago
https://www.youtube.com/watch?v=vNx0kTg7oDc,62 views,1 month ago
https://www.youtube.com/watch?v=PIfW8rAQb_8,201 views,1 month ago
https://www.youtube.com/watch?v=oQ4DGGlBhD8,413 views,1 month ago
https://www.youtube.com/watch?v=uMviGQq55zU,122 views,2 months ago
https://www.youtube.com/watch?v=15jjPjjp8Gs,207 views,2 months ago
https://www.youtube.com/watch?v=pXmswsnmpmw,292 views,2 months ago
https://www.youtube.com/watch?v=3ABBp8XGTKg,31 views,2 months ago
https://www.youtube.com/watch?v=KlHlrXGESik,1.5K views,2 months ago
https://www.youtube.com/watch?v=XekrhRBuAHo,50 views,2 months ago
https://www.youtube.com/watch?v=_cgntao0Gc0,145 views,2 months ago
https://www.youtube.com/watch?v=_TYpo4mAEQU,79 views,2 months ago
https://www.youtube.com/watch?v=oKbk_bMBp1s,92 views,3 months ago
https://www.youtube.com/watch?v=sM0asXDOVDg,77 views,3 months ago
https://www.youtube.com/watch?v=iUbYuHVgz6Q,96 views,3 months ago
https://www.youtube.com/watch?v=EQjTfyYQ9TY,102 views,3 months ago
https://www.youtube.com/watch?v=r_Epr3Fe_6c,397 views,3 months ago
https://www.youtube.com/watch?v=TEsuXdf3Z1o,56 views,3 months ago
https://www.youtube.com/watch?v=ERo17kxTDtw,30 views,3 months ago
https://www.youtube.com/watch?v=-0Vnir2O6p8,26 views,3 months ago
https://www.youtube.com/watch?v=yDqH_2xfYvA,35 views,3 months ago
https://www.youtube.com/watch?v=1JDYEZNiIuI,36 views,3 months ago
https://www.youtube.com/watch?v=HGtD7RFptpA,61 views,3 months ago
https://www.youtube.com/watch?v=mUHHy4xaEp4,34 views,3 months ago
https://www.youtube.com/watch?v=3ZxduKzHY_o,8 views,3 months ago
https://www.youtube.com/watch?v=2o8gEXoqY_U,15 views,3 months ago
https://www.youtube.com/watch?v=5ldARCWHzGw,15 views,3 months ago
https://www.youtube.com/watch?v=cwvqMvWYuJo,10 views,3 months ago
https://www.youtube.com/watch?v=sZkt8vSAsec,16 views,3 months ago
https://www.youtube.com/watch?v=xLBVg8hLcRA,19 views,3 months ago
https://www.youtube.com/watch?v=3ptvXoHfcqA,58 views,3 months ago
https://www.youtube.com/watch?v=OXa58E_-VSw,123 views,3 months ago
https://www.youtube.com/watch?v=7qawQfwjQ9Y,55 views,3 months ago
https://www.youtube.com/watch?v=adXkxm8gF_M,14 views,3 months ago
https://www.youtube.com/watch?v=P1SnUEQutDo,13 views,3 months ago
https://www.youtube.com/watch?v=yCrZKS5IaIg,7 views,3 months ago
https://www.youtube.com/watch?v=RI6CnDttIQc,8 views,3 months ago
https://www.youtube.com/watch?v=FqKcCx8r6Aw,4 views,3 months ago
https://www.youtube.com/watch?v=lcNDtfqz4dw,12 views,3 months ago
https://www.youtube.com/watch?v=pTQebgeUUh8,14 views,3 months ago
https://www.youtube.com/watch?v=a1M3hEBjxh0,6 views,3 months ago
https://www.youtube.com/watch?v=-r6gJi5A_dQ,11 views,3 months ago
https://www.youtube.com/watch?v=Km8dYnE_7T4,11 views,3 months ago
https://www.youtube.com/watch?v=YAXbQGmiBrQ,15 views,3 months ago
https://www.youtube.com/watch?v=S4QN-2rOWuY,20 views,3 months ago
https://www.youtube.com/watch?v=-yfp2cwZ3d0,39 views,3 months ago
https://www.youtube.com/watch?v=FV-6jqYp_b4,21 views,3 months ago
https://www.youtube.com/watch?v=LnVjybbda5g,18 views,3 months ago
https://www.youtube.com/watch?v=1WiW-nFe1Zs,65 views,3 months ago
https://www.youtube.com/watch?v=bRXGBxwOFVg,20 views,3 months ago
https://www.youtube.com/watch?v=s0vcxqJrH1A,23 views,3 months ago
https://www.youtube.com/watch?v=mHdAUWqe7xg,16 views,4 months ago
https://www.youtube.com/watch?v=FvIyTIXTPNM,31 views,4 months ago
https://www.youtube.com/watch?v=n77vziyVp9I,16 views,4 months ago
https://www.youtube.com/watch?v=cu4GU-P_6Ko,10 views,4 months ago
https://www.youtube.com/watch?v=qo46DktoiE0,15 views,4 months ago
https://www.youtube.com/watch?v=xfH7zUB1FXM,32 views,4 months ago
https://www.youtube.com/watch?v=xwIjlTLLwGk,13 views,4 months ago
https://www.youtube.com/watch?v=d-ZcPW60esU,14 views,4 months ago
https://www.youtube.com/watch?v=C835bxvtcEo,5 views,4 months ago
https://www.youtube.com/watch?v=r-I7Ywbcff4,18 views,4 months ago
https://www.youtube.com/watch?v=Waw5562Gcvw,47 views,4 months ago
https://www.youtube.com/watch?v=msQZuRveErU,23 views,4 months ago
https://www.youtube.com/watch?v=9YEC9ZWCqeE,35 views,4 months ago
https://www.youtube.com/watch?v=joInIeSwrkI,11 views,4 months ago
https://www.youtube.com/watch?v=Y_wXZurRAMw,10 views,4 months ago
https://www.youtube.com/watch?v=VjRqGIBbXGY,44 views,4 months ago
https://www.youtube.com/watch?v=dS44WTfDxUM,96 views,4 months ago
https://www.youtube.com/watch?v=KCdjcyB90j8,26 views,4 months ago
https://www.youtube.com/watch?v=pHqkEIf4tuQ,14 views,4 months ago
https://www.youtube.com/watch?v=eMwWigpDQDU,28 views,4 months ago
https://www.youtube.com/watch?v=vb_OvyVu5uo,33 views,4 months ago
https://www.youtube.com/watch?v=X_--sfiQ9wM,41 views,4 months ago
https://www.youtube.com/watch?v=h783AyLHC8c,34 views,4 months ago
https://www.youtube.com/watch?v=9kZ3Kpx8cQ8,20 views,4 months ago
https://www.youtube.com/watch?v=sJtw3yCnd5I,15 views,4 months ago
https://www.youtube.com/watch?v=NB9I59g9MxI,31 views,4 months ago
https://www.youtube.com/watch?v=3X82zgMjhjo,31 views,4 months ago
https://www.youtube.com/watch?v=VGRVCopjiSk,27 views,4 months ago
https://www.youtube.com/watch?v=n_rr5SRNAGs,26 views,4 months ago
https://www.youtube.com/watch?v=v3EgFxFOzTE,12 views,4 months ago
https://www.youtube.com/watch?v=OKE2mlzmwp0,44 views,4 months ago
https://www.youtube.com/watch?v=HoBTTtTNi1A,41 views,4 months ago
https://www.youtube.com/watch?v=SkodqI18VVo,14 views,4 months ago
https://www.youtube.com/watch?v=cETmUOKFBkw,34 views,4 months ago
https://www.youtube.com/watch?v=DxjKyRdXuo4,54 views,4 months ago
https://www.youtube.com/watch?v=mk0-GYZ877k&t=79s,283 views,4 months ago
https://www.youtube.com/watch?v=nn1RhciT_XE,99 views,4 months ago
https://www.youtube.com/watch?v=tvHMwMhfm0M,34 views,4 months ago
https://www.youtube.com/watch?v=EezQYGRtRj4,27 views,4 months ago
https://www.youtube.com/watch?v=ml6AjVGD6P0,43 views,4 months ago
https://www.youtube.com/watch?v=tFJcJF1B0WQ,74 views,4 months ago
https://www.youtube.com/watch?v=-BrcB13SsqM,24 views,4 months ago
https://www.youtube.com/watch?v=RIjscdXtUS8,87 views,4 months ago
https://www.youtube.com/watch?v=WcXBdypyxqY,68 views,4 months ago
https://www.youtube.com/watch?v=o3PXrUOJI2M,121 views,4 months ago
https://www.youtube.com/watch?v=zSg5ng74wT4,147 views,5 months ago
https://www.youtube.com/watch?v=s7zF5fIsMH4,38 views,5 months ago
https://www.youtube.com/watch?v=kVgttmwx1a4,117 views,5 months ago
https://www.youtube.com/watch?v=KrKouDqVoLg,62 views,5 months ago
https://www.youtube.com/watch?v=Jdsvnkp4EeI,56 views,5 months ago
https://www.youtube.com/watch?v=J1H8TFfu6NE,15 views,5 months ago
https://www.youtube.com/watch?v=H_84RRR0pxo,77 views,5 months ago
https://www.youtube.com/watch?v=CiWLXEd7Cow,66 views,5 months ago
https://www.youtube.com/watch?v=CJchVB05y4g,176 views,5 months ago
https://www.youtube.com/watch?v=9r4Bsbp1I28,118 views,5 months ago
https://www.youtube.com/watch?v=6uq4f8mND9w,69 views,5 months ago
https://www.youtube.com/watch?v=-vN-r60KItg,81 views,5 months ago
https://www.youtube.com/watch?v=zqahuxcO66c,31 views,5 months ago
https://www.youtube.com/watch?v=z5BCnl3beYs,41 views,5 months ago
https://www.youtube.com/watch?v=yMRqWlLUHWY,51 views,5 months ago
https://www.youtube.com/watch?v=xuFCVfeEgOA,62 views,5 months ago
https://www.youtube.com/watch?v=svnesycVbc8,40 views,5 months ago
