First Name	Second name	Suffix
"Pallavi ",Goswamy,Mrs
Srilekha,Miriyam,Ms
str_firstname,str_lastname,test
str_firstname,str_lastname,test
str_firstname,str_lastname,test
str_firstname,str_lastname,test
str_firstname,str_lastname,test
str_firstname,str_lastname,test
str_firstname,str_lastname,test
str_firstname,str_lastname,test
str_firstname,str_lastname,test
str_firstname,str_lastname,test
str_firstname,str_lastname,test
str_firstname,str_lastname,test
str_firstname,str_lastname,test
str_firstname,str_lastname,test
str_firstname,str_lastname,test
str_firstname,str_lastname,test
str_firstname,str_lastname,test
str_firstname,str_lastname,test
Ram,Doe,Jr
Ram,Doe,Jr
Anusha,rongali,mrs
sai,ram,mr.
Sirisha,Earni,Ms
"Pallavi ",Goswamy,Mrs
Srilekha,Miriyam,Ms
Srilekha,Miriyam,Ms
str_firstname,str_lastname,test
str_firstname,str_lastname,test
str_firstname,str_lastname,test
str_firstname,str_lastname,test
str_firstname,str_lastname,test
str_firstname,str_lastname,test
str_firstname,str_lastname,test
str_firstname,str_lastname,test
str_firstname,str_lastname,test
str_firstname,str_lastname,test
str_firstname,str_lastname,test
str_firstname,str_lastname,test
str_firstname,str_lastname,test
str_firstname,str_lastname,test
str_firstname,str_lastname,test
str_firstname,str_lastname,test
str_firstname,str_lastname,test
str_firstname,str_lastname,test
str_firstname,str_lastname,test
str_firstname,str_lastname,test
str_firstname,str_lastname,test
str_firstname,str_lastname,test
Ram,Doe,Jr
John,Doe,sr
John,Doe,sr
John,Doe,sr
"Pallavi ",Goswamy,Mrs
Srilekha,Miriyam,Ms
str_firstname,str_lastname,test
str_firstname,str_lastname,test
str_firstname,str_lastname,test
str_firstname,str_lastname,test
str_firstname,str_lastname,test
str_firstname,str_lastname,test
str_firstname,str_lastname,test
str_firstname,str_lastname,test
str_firstname,str_lastname,test
str_firstname,str_lastname,test
str_firstname,str_lastname,test
